[
    {
        "name": "千代田区役所",
        "address": "千代田区九段南1-2-1",
        "lat": "35.6939726",
        "long": "139.7536284",
        "period": "6/21～7/6",
        "time": "8:30～20:00"
    },
    {
        "name": "麹町区民館",
        "address": "千代田区麹町2-8",
        "lat": "35.6849709",
        "long": "139.739443",
        "period": "6/30～7/6",
        "time": "8:30～20:00"
    },
    {
        "name": "和泉橋区民館",
        "address": "千代田区神田佐久間町1-11-7",
        "lat": "35.6973261",
        "long": "139.7749463",
        "period": "6/30～7/6",
        "time": "8:30～20:00"
    },
    {
        "name": "中央区役所",
        "address": "中央区築地1-1-1",
        "lat": "35.6712335",
        "long": "139.7726894",
        "period": "6/21～7/6",
        "time": "8:30～20:00"
    },
    {
        "name": "日本橋特別出張所",
        "address": "中央区日本橋蛎殻町1-31-1",
        "lat": "35.682491",
        "long": "139.784644",
        "period": "6/30～7/6",
        "time": "8:30～20:00"
    },
    {
        "name": "月島特別出張所",
        "address": "中央区月島4-1-1",
        "lat": "35.6619564",
        "long": "139.7822221",
        "period": "6/30～7/6",
        "time": "8:30～20:00"
    },
    {
        "name": "晴海特別出張所",
        "address": "中央区晴海4-8-1",
        "lat": "35.651929",
        "long": "139.7800875",
        "period": "6/30～7/6",
        "time": "8:30～20:00"
    },
    {
        "name": "銀座三越",
        "address": "中央区銀座4-6-16",
        "lat": "35.6713698",
        "long": "139.7657375",
        "period": "6/29～7/1",
        "time": "10:00～20:00"
    },
    {
        "name": "芝地区総合支所（港区役所）",
        "address": "港区芝公園1-5-25",
        "lat": "35.6579896",
        "long": "139.7515522",
        "period": "6/21～7/6",
        "time": "8:30～20:00"
    },
    {
        "name": "麻布地区総合支所",
        "address": "港区六本木5-16-45",
        "lat": "35.6606647",
        "long": "139.7350732",
        "period": "6/29～7/6",
        "time": "8:30～20:00"
    },
    {
        "name": "赤坂地区総合支所",
        "address": "港区赤坂4-18-13",
        "lat": "35.6747026",
        "long": "139.7316059",
        "period": "6/29～7/6",
        "time": "8:30～20:00"
    },
    {
        "name": "高輪区民センター",
        "address": "港区高輪1-16-25",
        "lat": "35.6418102",
        "long": "139.734467",
        "period": "6/29～7/6",
        "time": "8:30～20:00"
    },
    {
        "name": "芝浦港南地区総合支所",
        "address": "港区芝浦1-16-1",
        "lat": "35.645923",
        "long": "139.751966",
        "period": "6/29～7/6",
        "time": "8:30～20:00"
    },
    {
        "name": "台場分室",
        "address": "港区台場1-5-1",
        "lat": "35.6300068",
        "long": "139.7771218",
        "period": "6/29～7/6",
        "time": "8:30～20:00"
    },
    {
        "name": "さんぽーと港南",
        "address": "港区港南4-3-7",
        "lat": "35.6309571",
        "long": "139.7496359",
        "period": "6/29～7/6",
        "time": "10:00～20:00"
    },
    {
        "name": "新宿区役所第一分庁舎",
        "address": "新宿区歌舞伎町1-5-1",
        "lat": "35.6933795",
        "long": "139.7033992",
        "period": "6/21～7/6",
        "time": "8:30～20:00"
    },
    {
        "name": "四谷特別出張所",
        "address": "新宿区内藤町87",
        "lat": "35.6875602",
        "long": "139.7145057",
        "period": "6/30～7/6",
        "time": "8:30～20:00"
    },
    {
        "name": "箪笥町特別出張所",
        "address": "新宿区箪笥町15",
        "lat": "35.7005504",
        "long": "139.7341877",
        "period": "6/30～7/6",
        "time": "8:30～20:00"
    },
    {
        "name": "榎町特別出張所",
        "address": "新宿区早稲田町85",
        "lat": "35.7054161",
        "long": "139.7267097",
        "period": "6/30～7/6",
        "time": "8:30～20:00"
    },
    {
        "name": "若松町特別出張所",
        "address": "新宿区若松町12-6",
        "lat": "35.6989878",
        "long": "139.7165509",
        "period": "6/30～7/6",
        "time": "8:30～20:00"
    },
    {
        "name": "大久保特別出張所",
        "address": "新宿区大久保2-12-7",
        "lat": "35.7016237",
        "long": "139.7067817",
        "period": "6/30～7/6",
        "time": "8:30～20:00"
    },
    {
        "name": "戸塚特別出張所",
        "address": "新宿区高田馬場2-18-1",
        "lat": "35.7144005",
        "long": "139.7050745",
        "period": "6/30～7/6",
        "time": "8:30～20:00"
    },
    {
        "name": "落合第一特別出張所",
        "address": "新宿区下落合4-6-7",
        "lat": "35.7186826",
        "long": "139.6949982",
        "period": "6/30～7/6",
        "time": "8:30～20:00"
    },
    {
        "name": "落合第二特別出張所",
        "address": "新宿区中落合4-17-13",
        "lat": "35.7198908",
        "long": "139.6830462",
        "period": "6/30～7/6",
        "time": "8:30～20:00"
    },
    {
        "name": "柏木特別出張所",
        "address": "新宿区北新宿2-3-7",
        "lat": "35.6985457",
        "long": "139.6902468",
        "period": "6/30～7/6",
        "time": "8:30～20:00"
    },
    {
        "name": "角筈特別出張所",
        "address": "新宿区西新宿4-33-7",
        "lat": "35.6862217",
        "long": "139.6890958",
        "period": "6/30～7/6",
        "time": "8:30～20:00"
    },
    {
        "name": "文京シビックセンター１階　ギャラリーシビック",
        "address": "文京区春日1-16-21",
        "lat": "35.7079751",
        "long": "139.7527909",
        "period": "6/21～7/6",
        "time": "8:30～20:00"
    },
    {
        "name": "大原地域活動センター",
        "address": "文京区千石1-4-3",
        "lat": "35.7244836",
        "long": "139.7433654",
        "period": "6/30～7/6",
        "time": "8:30～20:00"
    },
    {
        "name": "音羽地域活動センター",
        "address": "文京区音羽1-22-14",
        "lat": "35.7138832",
        "long": "139.7297155",
        "period": "6/30～7/6",
        "time": "8:30～20:00"
    },
    {
        "name": "汐見地域センター",
        "address": "文京区千駄木3-2-6",
        "lat": "35.7255612",
        "long": "139.7614943",
        "period": "6/30～7/6",
        "time": "8:30～20:00"
    },
    {
        "name": "台東区役所",
        "address": "台東区東上野4-5-6",
        "lat": "35.7125889",
        "long": "139.7799389",
        "period": "6/21～7/6",
        "time": "8:30～20:00"
    },
    {
        "name": "谷中区民館",
        "address": "台東区谷中5-6-5",
        "lat": "35.725596",
        "long": "139.7667654",
        "period": "6/30～7/6",
        "time": "8:30～20:00"
    },
    {
        "name": "浅草橋区民館",
        "address": "台東区浅草橋2-8-7",
        "lat": "35.6995057",
        "long": "139.7833866",
        "period": "6/30～7/6",
        "time": "8:30～20:00"
    },
    {
        "name": "台東リバーサイドスポーツセンター体育館",
        "address": "台東区今戸1-1-10",
        "lat": "35.7175687",
        "long": "139.8045569",
        "period": "6/30～7/6",
        "time": "8:30～20:00"
    },
    {
        "name": "生涯学習センター",
        "address": "台東区西浅草3-25-16",
        "lat": "35.7172607",
        "long": "139.7898921",
        "period": "6/30～7/6",
        "time": "8:30～20:00"
    },
    {
        "name": "金杉区民館",
        "address": "台東区下谷3-1-30",
        "lat": "35.723183",
        "long": "139.786057",
        "period": "6/30～7/6",
        "time": "8:30～20:00"
    },
    {
        "name": "墨田区役所１２階１２２会議室",
        "address": "墨田区吾妻橋1-23-20",
        "lat": "35.710203",
        "long": "139.8016147",
        "period": "6/21～7/6",
        "time": "8:30～20:00"
    },
    {
        "name": "ひがしんアリーナ（墨田区総合体育館）２階会議室Ａ",
        "address": "墨田区錦糸4-15-1",
        "lat": "35.699533",
        "long": "139.8174641",
        "period": "6/29～7/6",
        "time": "8:30～20:00"
    },
    {
        "name": "すみだ生涯学習センター１階リハーサル室",
        "address": "墨田区東向島2-38-7",
        "lat": "35.721072",
        "long": "139.8184569",
        "period": "6/29～7/6",
        "time": "8:30～20:00"
    },
    {
        "name": "みどりコミュニティセンター２階会議室",
        "address": "墨田区緑3-7-3",
        "lat": "35.6936311",
        "long": "139.8032901",
        "period": "6/29～7/6",
        "time": "8:30～20:00"
    },
    {
        "name": "千葉大学墨田サテライトキャンパス１階ＵＤＣすみだ事務室",
        "address": "墨田区文花1-19-1",
        "lat": "35.7105995",
        "long": "139.8237795",
        "period": "6/29～7/6",
        "time": "8:30～20:00"
    },
    {
        "name": "江東区役所",
        "address": "江東区東陽4-11-28",
        "lat": "35.6723119",
        "long": "139.8174658",
        "period": "6/21～7/6",
        "time": "8:30～20:00"
    },
    {
        "name": "森下文化センター",
        "address": "江東区森下3-12-17",
        "lat": "35.6851453",
        "long": "139.8021213",
        "period": "6/30～7/6",
        "time": "8:30～20:00"
    },
    {
        "name": "富岡区民館",
        "address": "江東区富岡1-16-12",
        "lat": "35.6717739",
        "long": "139.7985751",
        "period": "6/30～7/6",
        "time": "8:30～20:00"
    },
    {
        "name": "豊洲シビックセンター",
        "address": "江東区豊洲2-2-18",
        "lat": "35.6542839",
        "long": "139.7953256",
        "period": "6/21～7/6",
        "time": "8:30～20:00"
    },
    {
        "name": "小松橋区民館",
        "address": "江東区扇橋2-1-5",
        "lat": "35.6826812",
        "long": "139.8142808",
        "period": "6/30～7/6",
        "time": "8:30～20:00"
    },
    {
        "name": "カメリアプラザ",
        "address": "江東区亀戸2-19-1",
        "lat": "35.6975893",
        "long": "139.8245629",
        "period": "6/30～7/6",
        "time": "8:30～20:00"
    },
    {
        "name": "総合区民センター",
        "address": "江東区大島4-5-1",
        "lat": "35.6890358",
        "long": "139.8269998",
        "period": "6/30～7/6",
        "time": "8:30～20:00"
    },
    {
        "name": "砂町区民館",
        "address": "江東区北砂4-7-3",
        "lat": "35.6774336",
        "long": "139.8284568",
        "period": "6/30～7/6",
        "time": "8:30～20:00"
    },
    {
        "name": "南砂区民館",
        "address": "江東区南砂6-8-3",
        "lat": "35.6712106",
        "long": "139.8348531",
        "period": "6/30～7/6",
        "time": "8:30～20:00"
    },
    {
        "name": "品川区役所第二庁舎",
        "address": "品川区広町2-1-36",
        "lat": "35.6092231",
        "long": "139.7301566",
        "period": "6/21～7/6",
        "time": "8:30～20:00"
    },
    {
        "name": "品川第一地域センター",
        "address": "品川区北品川3-11-16",
        "lat": "35.6166774",
        "long": "139.7400421",
        "period": "6/30～7/6",
        "time": "8:30～20:00"
    },
    {
        "name": "品川第二地域センター",
        "address": "品川区南品川5-3-20",
        "lat": "35.6113164",
        "long": "139.7412928",
        "period": "6/30～7/6",
        "time": "8:30～20:00"
    },
    {
        "name": "大崎第一地域センター",
        "address": "品川区西五反田3-6-3",
        "lat": "35.6277987",
        "long": "139.7168136",
        "period": "6/30～7/6",
        "time": "8:30～20:00"
    },
    {
        "name": "大崎第二地域センター",
        "address": "品川区大崎2-9-4",
        "lat": "35.6168084",
        "long": "139.7277241",
        "period": "6/30～7/6",
        "time": "8:30～20:00"
    },
    {
        "name": "大井第一地域センター",
        "address": "品川区南大井1-12-6",
        "lat": "35.5963555",
        "long": "139.7375404",
        "period": "6/30～7/6",
        "time": "8:30～20:00"
    },
    {
        "name": "大井第二地域センター",
        "address": "品川区大井2-27-20",
        "lat": "35.6040309",
        "long": "139.7304515",
        "period": "6/30～7/6",
        "time": "8:30～20:00"
    },
    {
        "name": "大井第三地域センター",
        "address": "品川区西大井2-10-3",
        "lat": "35.5983939",
        "long": "139.722215",
        "period": "6/30～7/6",
        "time": "8:30～20:00"
    },
    {
        "name": "荏原第一地域センター",
        "address": "品川区小山3-14-1 シティタワー武蔵小山商業施設棟2階",
        "lat": "35.6207475",
        "long": "139.7056936",
        "period": "6/30～7/6",
        "time": "8:30～20:00"
    },
    {
        "name": "荏原第二地域センター",
        "address": "品川区荏原6-17-12",
        "lat": "35.6110617",
        "long": "139.7044202",
        "period": "6/30～7/6",
        "time": "8:30～20:00"
    },
    {
        "name": "荏原第三地域センター",
        "address": "品川区平塚1-13-18",
        "lat": "35.6133579",
        "long": "139.7153718",
        "period": "6/30～7/6",
        "time": "8:30～20:00"
    },
    {
        "name": "荏原第四地域センター",
        "address": "品川区中延5-3-12",
        "lat": "35.6037905",
        "long": "139.7084296",
        "period": "6/30～7/6",
        "time": "8:30～20:00"
    },
    {
        "name": "荏原第五地域センター",
        "address": "品川区二葉1-1-2",
        "lat": "35.6079407",
        "long": "139.7255272",
        "period": "6/30～7/6",
        "time": "8:30～20:00"
    },
    {
        "name": "八潮地域センター",
        "address": "品川区八潮5-10-27",
        "lat": "35.6001999",
        "long": "139.7514325",
        "period": "6/30～7/6",
        "time": "8:30～20:00"
    },
    {
        "name": "目黒区総合庁舎　1階　E会議室",
        "address": "目黒区上目黒2-19-15",
        "lat": "35.6413295",
        "long": "139.6982372",
        "period": "6/21～7/6",
        "time": "8:30～20:00"
    },
    {
        "name": "中目黒ＧＴプラザホール",
        "address": "目黒区上目黒2-1-3 地下1階",
        "lat": "35.643263",
        "long": "139.6986759",
        "period": "6/30～7/6",
        "time": "8:30～20:00"
    },
    {
        "name": "北部地区サービス事務所",
        "address": "目黒区大橋1-5-1 クロスエアタワー9階",
        "lat": "35.6515564",
        "long": "139.6883456",
        "period": "6/30～7/6",
        "time": "8:30～20:00"
    },
    {
        "name": "田道ふれあい館",
        "address": "目黒区目黒1-25-26",
        "lat": "35.6367519",
        "long": "139.7082337",
        "period": "6/30～7/6",
        "time": "8:30～20:00"
    },
    {
        "name": "防災センター",
        "address": "目黒区中央町1-9-7",
        "lat": "35.6290686",
        "long": "139.6920683",
        "period": "6/30～7/6",
        "time": "8:30～20:00"
    },
    {
        "name": "碑住区センター",
        "address": "目黒区碑文谷2-16-6",
        "lat": "35.620761",
        "long": "139.6876954",
        "period": "6/30～7/6",
        "time": "8:30～20:00"
    },
    {
        "name": "八雲住区センター",
        "address": "目黒区八雲1-10-5",
        "lat": "35.6186985",
        "long": "139.6722563",
        "period": "6/30～7/6",
        "time": "8:30～20:00"
    },
    {
        "name": "大田区役所本庁舎",
        "address": "大田区蒲田5-13-14",
        "lat": "35.5614159",
        "long": "139.7160734",
        "period": "6/21～7/6",
        "time": "8:30～20:00"
    },
    {
        "name": "大森東特別出張所",
        "address": "大田区大森南4-9-1",
        "lat": "35.5668555",
        "long": "139.7459238",
        "period": "6/30～7/6",
        "time": "8:30～20:00"
    },
    {
        "name": "大森西特別出張所",
        "address": "大田区大森西2-16-2",
        "lat": "35.5768376",
        "long": "139.730045",
        "period": "6/30～7/6",
        "time": "8:30～20:00"
    },
    {
        "name": "入新井特別出張所",
        "address": "大田区大森北1-10-14",
        "lat": "35.5864891",
        "long": "139.7282409",
        "period": "6/30～7/6",
        "time": "8:30～20:00"
    },
    {
        "name": "馬込特別出張所",
        "address": "大田区中馬込3-25-5",
        "lat": "35.5940042",
        "long": "139.7099202",
        "period": "6/30～7/6",
        "time": "8:30～20:00"
    },
    {
        "name": "池上特別出張所",
        "address": "大田区池上1-29-6",
        "lat": "35.5750871",
        "long": "139.7103196",
        "period": "6/30～7/6",
        "time": "8:30～20:00"
    },
    {
        "name": "新井宿特別出張所",
        "address": "大田区中央1-21-6",
        "lat": "35.579712",
        "long": "139.7196588",
        "period": "6/30～7/6",
        "time": "8:30～20:00"
    },
    {
        "name": "嶺町特別出張所",
        "address": "大田区田園調布本町7-1",
        "lat": "35.5879021",
        "long": "139.6773814",
        "period": "6/30～7/6",
        "time": "8:30～20:00"
    },
    {
        "name": "田園調布特別出張所",
        "address": "大田区田園調布1-30-1",
        "lat": "35.5880854",
        "long": "139.6711214",
        "period": "6/30～7/6",
        "time": "8:30～20:00"
    },
    {
        "name": "鵜の木特別出張所",
        "address": "大田区南久が原2-30-5",
        "lat": "35.5748852",
        "long": "139.6852748",
        "period": "6/30～7/6",
        "time": "8:30～20:00"
    },
    {
        "name": "久が原特別出張所",
        "address": "大田区久が原4-12-10",
        "lat": "35.5800363",
        "long": "139.6945974",
        "period": "6/30～7/6",
        "time": "8:30～20:00"
    },
    {
        "name": "雪谷特別出張所",
        "address": "大田区東雪谷3-6-2",
        "lat": "35.5947214",
        "long": "139.6909092",
        "period": "6/30～7/6",
        "time": "8:30～20:00"
    },
    {
        "name": "千束特別出張所",
        "address": "大田区北千束2-35-8",
        "lat": "35.605891",
        "long": "139.6926131",
        "period": "6/30～7/6",
        "time": "8:30～20:00"
    },
    {
        "name": "糀谷特別出張所",
        "address": "大田区西糀谷2-14-13",
        "lat": "35.5587524",
        "long": "139.7367601",
        "period": "6/30～7/6",
        "time": "8:30～20:00"
    },
    {
        "name": "羽田特別出張所",
        "address": "大田区羽田1-18-13",
        "lat": "35.5492553",
        "long": "139.7423466",
        "period": "6/30～7/6",
        "time": "8:30～20:00"
    },
    {
        "name": "六郷特別出張所",
        "address": "大田区仲六郷2-44-11",
        "lat": "35.5507915",
        "long": "139.7158107",
        "period": "6/30～7/6",
        "time": "8:30～20:00"
    },
    {
        "name": "矢口特別出張所",
        "address": "大田区矢口2-21-14",
        "lat": "35.5620638",
        "long": "139.69026",
        "period": "6/30～7/6",
        "time": "8:30～20:00"
    },
    {
        "name": "蒲田西特別出張所",
        "address": "大田区西蒲田7-12-2",
        "lat": "35.5644913",
        "long": "139.7107233",
        "period": "6/30～7/6",
        "time": "8:30～20:00"
    },
    {
        "name": "蒲田東特別出張所",
        "address": "大田区蒲田本町2-1-1",
        "lat": "35.5585762",
        "long": "139.7185622",
        "period": "6/30～7/6",
        "time": "8:30～20:00"
    },
    {
        "name": "世田谷区役所第２庁舎４階大会議室",
        "address": "世田谷区世田谷4-22-35",
        "lat": "35.6460958",
        "long": "139.6518305",
        "period": "6/21～7/6",
        "time": "8:30～20:00"
    },
    {
        "name": "池尻まちづくりセンター２階活動フロアー",
        "address": "世田谷区池尻3-27-21",
        "lat": "35.6498158",
        "long": "139.6787166",
        "period": "6/30～7/6",
        "time": "8:30～20:00"
    },
    {
        "name": "太子堂複合施設３階三軒茶屋区民集会所第１会議室",
        "address": "世田谷区太子堂2-17-1",
        "lat": "35.6448237",
        "long": "139.6711552",
        "period": "6/30～7/6",
        "time": "8:30～20:00"
    },
    {
        "name": "若林複合施設３階活動フロアー",
        "address": "世田谷区若林1-34-2",
        "lat": "35.6461214",
        "long": "139.6638332",
        "period": "6/30～7/6",
        "time": "8:30～20:00"
    },
    {
        "name": "上町まちづくりセンター３階活動フロアーＡ・Ｂ",
        "address": "世田谷区世田谷1-23-5",
        "lat": "35.6421317",
        "long": "139.6475213",
        "period": "6/30～7/6",
        "time": "8:30～20:00"
    },
    {
        "name": "経堂出張所１階活動フロアー",
        "address": "世田谷区宮坂1-44-29",
        "lat": "35.6505384",
        "long": "139.6415013",
        "period": "6/30～7/6",
        "time": "8:30～20:00"
    },
    {
        "name": "下馬複合施設２階活動フロアー",
        "address": "世田谷区下馬4-13-4",
        "lat": "35.6359619",
        "long": "139.6790602",
        "period": "6/30～7/6",
        "time": "8:30～20:00"
    },
    {
        "name": "上馬複合施設２階活動フロアー",
        "address": "世田谷区上馬4-10-17",
        "lat": "35.6351347",
        "long": "139.6628566",
        "period": "6/30～7/6",
        "time": "8:30～20:00"
    },
    {
        "name": "梅丘複合施設地下１階活動フロアー",
        "address": "世田谷区梅丘1-61-16",
        "lat": "35.6533923",
        "long": "139.6523433",
        "period": "6/30～7/6",
        "time": "8:30～20:00"
    },
    {
        "name": "代沢小学校地下１階活動フロアー",
        "address": "世田谷区代沢5-1-15",
        "lat": "35.6550232",
        "long": "139.6678752",
        "period": "6/30～7/6",
        "time": "8:30～20:00"
    },
    {
        "name": "新代田まちづくりセンター２階活動フロアー",
        "address": "世田谷区羽根木1-6-14",
        "lat": "35.6646357",
        "long": "139.6603973",
        "period": "6/30～7/6",
        "time": "8:30～20:00"
    },
    {
        "name": "北沢タウンホール４階活動フロアー",
        "address": "世田谷区北沢2-8-18",
        "lat": "35.6621737",
        "long": "139.6697347",
        "period": "6/30～7/6",
        "time": "8:30～20:00"
    },
    {
        "name": "松原小学校１階活動フロアー",
        "address": "世田谷区松原5-43-28",
        "lat": "35.6646112",
        "long": "139.6512285",
        "period": "6/30～7/6",
        "time": "8:30～20:00"
    },
    {
        "name": "松沢まちづくりセンター３階会議室",
        "address": "世田谷区赤堤5-31-5",
        "lat": "35.6654762",
        "long": "139.638283",
        "period": "6/30～7/6",
        "time": "8:30～20:00"
    },
    {
        "name": "奥沢まちづくりセンター２階活動フロアー",
        "address": "世田谷区奥沢3-15-7",
        "lat": "35.600772",
        "long": "139.6728697",
        "period": "6/30～7/6",
        "time": "8:30～20:00"
    },
    {
        "name": "九品仏複合施設２階活動フロアー",
        "address": "世田谷区奥沢7-35-4",
        "lat": "35.6069242",
        "long": "139.6618116",
        "period": "6/30～7/6",
        "time": "8:30～20:00"
    },
    {
        "name": "玉川総合支所２階活動フロアー",
        "address": "世田谷区等々力3-4-1",
        "lat": "35.608643",
        "long": "139.6483178",
        "period": "6/30～7/6",
        "time": "8:30～20:00"
    },
    {
        "name": "上野毛まちづくりセンター２階活動フロアー",
        "address": "世田谷区中町2-33-11",
        "lat": "35.6114145",
        "long": "139.6410359",
        "period": "6/30～7/6",
        "time": "8:30～20:00"
    },
    {
        "name": "用賀複合施設３階活動フロアー",
        "address": "世田谷区用賀2-29-22",
        "lat": "35.6255816",
        "long": "139.6365001",
        "period": "6/30～7/6",
        "time": "8:30～20:00"
    },
    {
        "name": "二子玉川複合施設３階活動フロアー",
        "address": "世田谷区玉川4-4-5",
        "lat": "35.6154595",
        "long": "139.6267209",
        "period": "6/30～7/6",
        "time": "8:30～20:00"
    },
    {
        "name": "深沢まちづくりセンター",
        "address": "世田谷区駒沢4-33-12",
        "lat": "35.6279914",
        "long": "139.6526447",
        "period": "6/30～7/6",
        "time": "8:30～20:00"
    },
    {
        "name": "祖師谷まちづくりセンター２階活動フロアー",
        "address": "世田谷区祖師谷4-1-23",
        "lat": "35.6469383",
        "long": "139.6082086",
        "period": "6/30～7/6",
        "time": "8:30～20:00"
    },
    {
        "name": "成城六丁目事務所棟１階活動フロアー",
        "address": "世田谷区成城6-3-10",
        "lat": "35.6408121",
        "long": "139.6005338",
        "period": "6/30～7/6",
        "time": "8:30～20:00"
    },
    {
        "name": "船橋まちづくりセンター１階活動フロアー１",
        "address": "世田谷区船橋4-3-2",
        "lat": "35.6554547",
        "long": "139.6225841",
        "period": "6/30～7/6",
        "time": "8:30～20:00"
    },
    {
        "name": "喜多見複合施設１階活動フロアー",
        "address": "世田谷区喜多見5-11-10",
        "lat": "35.6289019",
        "long": "139.6012371",
        "period": "6/30～7/6",
        "time": "8:30～20:00"
    },
    {
        "name": "砧まちづくりセンター１階活動フロアー",
        "address": "世田谷区砧5-8-18",
        "lat": "35.6378039",
        "long": "139.6100368",
        "period": "6/30～7/6",
        "time": "8:30～20:00"
    },
    {
        "name": "上北沢まちづくりセンター",
        "address": "世田谷区上北沢4-32-9",
        "lat": "35.6699609",
        "long": "139.6179703",
        "period": "6/30～7/6",
        "time": "8:30～20:00"
    },
    {
        "name": "上祖師谷まちづくりセンター",
        "address": "世田谷区上祖師谷2-7-6",
        "lat": "35.6571121",
        "long": "139.599695",
        "period": "6/30～7/6",
        "time": "8:30～20:00"
    },
    {
        "name": "烏山区民センター３階第４会議室",
        "address": "世田谷区南烏山6-2-19",
        "lat": "35.6688454",
        "long": "139.6005333",
        "period": "6/30～7/6",
        "time": "8:30～20:00"
    },
    {
        "name": "渋谷区役所",
        "address": "渋谷区宇田川町1-1",
        "lat": "35.6637155",
        "long": "139.6977455",
        "period": "6/21～7/6",
        "time": "8:30～20:00"
    },
    {
        "name": "地域交流センター上原",
        "address": "渋谷区上原1-18-6",
        "lat": "35.6686417",
        "long": "139.6829392",
        "period": "6/30～7/6",
        "time": "8:30～20:00"
    },
    {
        "name": "幡ヶ谷社会教育館",
        "address": "渋谷区幡ヶ谷2-50-2",
        "lat": "35.679932",
        "long": "139.6772811",
        "period": "6/30～7/6",
        "time": "8:30～20:00"
    },
    {
        "name": "千駄ヶ谷社会教育館",
        "address": "渋谷区千駄ヶ谷1-6-5",
        "lat": "35.6781018",
        "long": "139.7099524",
        "period": "6/30～7/6",
        "time": "8:30～20:00"
    },
    {
        "name": "リフレッシュ氷川",
        "address": "渋谷区東1-26-23",
        "lat": "35.6549456",
        "long": "139.7074054",
        "period": "6/30～7/6",
        "time": "8:30～20:00"
    },
    {
        "name": "中野区役所",
        "address": "中野区中野4-11-19",
        "lat": "35.7089583",
        "long": "139.6628958",
        "period": "6/21～7/6",
        "time": "8:30～20:00"
    },
    {
        "name": "南部すこやか福祉センター",
        "address": "中野区弥生町5-11-26",
        "lat": "35.6881323",
        "long": "139.6684081",
        "period": "6/30～7/6",
        "time": "8:30～20:00"
    },
    {
        "name": "東部区民活動センター",
        "address": "中野区中央2-18-21",
        "lat": "35.7004036",
        "long": "139.6825211",
        "period": "6/30～7/6",
        "time": "8:30～20:00"
    },
    {
        "name": "江古田区民活動センター",
        "address": "中野区江原町2-3-15",
        "lat": "35.7288017",
        "long": "139.669875",
        "period": "6/30～7/6",
        "time": "8:30～20:00"
    },
    {
        "name": "野方区民活動センター",
        "address": "中野区野方5-3-1",
        "lat": "35.7183387",
        "long": "139.6531414",
        "period": "6/30～7/6",
        "time": "8:30～20:00"
    },
    {
        "name": "鷺宮区民活動センター",
        "address": "中野区鷺宮3-22-5",
        "lat": "35.7234392",
        "long": "139.6397927",
        "period": "6/30～7/6",
        "time": "8:30～20:00"
    },
    {
        "name": "杉並区役所第４会議室",
        "address": "杉並区阿佐谷南1-15-1",
        "lat": "35.6997417",
        "long": "139.6361999",
        "period": "6/21～7/6",
        "time": "8:30～20:00"
    },
    {
        "name": "阿佐谷地域区民センター第４・第５集会室",
        "address": "杉並区阿佐谷北1-1-1",
        "lat": "35.7052206",
        "long": "139.6411278",
        "period": "6/30～7/6",
        "time": "8:30～20:00"
    },
    {
        "name": "井草地域区民センター第１・第２集会室",
        "address": "杉並区下井草5-7-22",
        "lat": "35.7206705",
        "long": "139.6165432",
        "period": "6/30～7/6",
        "time": "8:30～20:00"
    },
    {
        "name": "永福和泉地域区民センター第２・第３集会室",
        "address": "杉並区和泉3-8-18",
        "lat": "35.6753439",
        "long": "139.6462454",
        "period": "6/30～7/6",
        "time": "8:30～20:00"
    },
    {
        "name": "荻窪地域区民センター第１・第２集会室",
        "address": "杉並区荻窪2-34-20",
        "lat": "35.6985462",
        "long": "139.6189801",
        "period": "6/30～7/6",
        "time": "8:30～20:00"
    },
    {
        "name": "和田区民集会所第２・第３集会室",
        "address": "杉並区和田2-31-21",
        "lat": "35.6910697",
        "long": "139.657966",
        "period": "6/30～7/6",
        "time": "8:30～20:00"
    },
    {
        "name": "高井戸地域区民センター第１・第２集会室",
        "address": "杉並区高井戸東3-7-5",
        "lat": "35.6836296",
        "long": "139.6166262",
        "period": "6/30～7/6",
        "time": "8:30～20:00"
    },
    {
        "name": "西荻地域区民センター第３・第４集会室",
        "address": "杉並区桃井4-3-2",
        "lat": "35.7125642",
        "long": "139.6021868",
        "period": "6/30～7/6",
        "time": "8:30～20:00"
    },
    {
        "name": "西荻南区民集会所第１レクリエーション室",
        "address": "杉並区西荻北1-9-5",
        "lat": "35.704748",
        "long": "139.608875",
        "period": "6/30～7/6",
        "time": "8:30～20:00"
    },
    {
        "name": "旧天沼区民集会所共用会議室",
        "address": "杉並区天沼3-19-16",
        "lat": "35.7101745",
        "long": "139.620809",
        "period": "6/30～7/6",
        "time": "8:30～20:00"
    },
    {
        "name": "コミュニティふらっと方南第１・第２集会室",
        "address": "杉並区方南1-27-8",
        "lat": "35.6766341",
        "long": "139.6588006",
        "period": "6/30～7/6",
        "time": "8:30～20:00"
    },
    {
        "name": "久我山会館ホール",
        "address": "杉並区久我山3-23-20",
        "lat": "35.6865794",
        "long": "139.5993565",
        "period": "6/30～7/6",
        "time": "8:30～20:00"
    },
    {
        "name": "浜田山会館第１・第２集会室",
        "address": "杉並区浜田山1-36-3",
        "lat": "35.6804579",
        "long": "139.6300273",
        "period": "6/30～7/6",
        "time": "8:30～20:00"
    },
    {
        "name": "高円寺北区民集会所第１・第２集会室",
        "address": "杉並区高円寺北3-25-9",
        "lat": "35.7076681",
        "long": "139.6483596",
        "period": "6/30～7/6",
        "time": "8:30～20:00"
    },
    {
        "name": "高円寺地域区民センター第９・第10集会室",
        "address": "杉並区梅里1-22-32",
        "lat": "35.6969229",
        "long": "139.6538674",
        "period": "6/30～7/6",
        "time": "8:30～20:00"
    },
    {
        "name": "豊島区役所",
        "address": "豊島区南池袋2-45-1",
        "lat": "35.7261041",
        "long": "139.716654",
        "period": "6/21～7/6",
        "time": "8:30～20:00"
    },
    {
        "name": "旧朝日中学校",
        "address": "豊島区西巣鴨4-9-1",
        "lat": "35.743441",
        "long": "139.7299127",
        "period": "6/29～7/6",
        "time": "8:30～20:00"
    },
    {
        "name": "西部区民事務所",
        "address": "豊島区千早2-39-16",
        "lat": "35.7356335",
        "long": "139.6906676",
        "period": "6/29～7/6",
        "time": "8:30～20:00"
    },
    {
        "name": "東武百貨店池袋本店",
        "address": "豊島区西池袋1-1-25",
        "lat": "35.7300456",
        "long": "139.7104443",
        "period": "6/29～7/6",
        "time": "10:00～19:00"
    },
    {
        "name": "西武池袋本店",
        "address": "豊島区南池袋1-28-1",
        "lat": "35.7276659",
        "long": "139.711559",
        "period": "6/29～7/6",
        "time": "10:00～20:00"
    },
    {
        "name": "北区役所別館２階研修室",
        "address": "北区王子本町1-11-9",
        "lat": "35.7530657",
        "long": "139.732895",
        "period": "6/21～7/6",
        "time": "8:30～20:00"
    },
    {
        "name": "赤羽会館１階ロビー",
        "address": "北区赤羽南1-13-1",
        "lat": "35.7777131",
        "long": "139.7237334",
        "period": "6/29～7/6",
        "time": "8:30～20:00"
    },
    {
        "name": "滝野川会館２階コムコムスペース",
        "address": "北区西ヶ原1-23-3",
        "lat": "35.7434562",
        "long": "139.7475268",
        "period": "6/29～7/6",
        "time": "8:30～20:00"
    },
    {
        "name": "赤羽北区民センター２階活動室",
        "address": "北区赤羽北2-25-8-201",
        "lat": "35.7858667",
        "long": "139.7074517",
        "period": "6/29～7/6",
        "time": "8:30～20:00"
    },
    {
        "name": "田端文士村記念館１階多目的ホール",
        "address": "北区田端6-1-2",
        "lat": "35.7383859",
        "long": "139.75921",
        "period": "6/29～7/6",
        "time": "8:30～20:00"
    },
    {
        "name": "東十条区民センター３階地域振興室会議室",
        "address": "北区東十条3-2-14",
        "lat": "35.7651789",
        "long": "139.7286001",
        "period": "6/29～7/6",
        "time": "8:30～20:00"
    },
    {
        "name": "荒川区役所本庁舎１階ロビー",
        "address": "荒川区荒川2-2-3",
        "lat": "35.7362116",
        "long": "139.7834609",
        "period": "6/21～7/6",
        "time": "8:30～20:00"
    },
    {
        "name": "南千住駅前ふれあい館洋室１・２",
        "address": "荒川区南千住7-1-1 アクレスティ南千住",
        "lat": "35.7330701",
        "long": "139.7982023",
        "period": "6/30～7/6",
        "time": "8:30～20:00"
    },
    {
        "name": "荒川総合スポーツセンター１階 エントランスホール",
        "address": "荒川区南千住6-45-5",
        "lat": "35.7366106",
        "long": "139.7927536",
        "period": "6/30～7/6",
        "time": "8:30～20:00"
    },
    {
        "name": "町屋文化センター２階プレイコーナー",
        "address": "荒川区荒川7-20-1",
        "lat": "35.7418041",
        "long": "139.7820624",
        "period": "6/30～7/6",
        "time": "8:30～20:00"
    },
    {
        "name": "シルバー人材センター荒川授産場 地下１階会議室",
        "address": "荒川区東尾久4-32-7",
        "lat": "35.7446293",
        "long": "139.7668836",
        "period": "6/30～7/6",
        "time": "8:30～20:00"
    },
    {
        "name": "あらかわ遊園スポーツハウス１階会議室",
        "address": "荒川区西尾久8-3-1",
        "lat": "35.7518687",
        "long": "139.7570221",
        "period": "6/30～7/6",
        "time": "8:30～20:00"
    },
    {
        "name": "ふらっとにっぽり１階おもてなしスペース",
        "address": "荒川区東日暮里6-17-6",
        "lat": "35.7288942",
        "long": "139.7773215",
        "period": "6/30～7/6",
        "time": "8:30～20:00"
    },
    {
        "name": "板橋区役所",
        "address": "板橋区板橋2-66-1",
        "lat": "35.750852",
        "long": "139.7091501",
        "period": "6/21～7/6",
        "time": "8:30～20:00"
    },
    {
        "name": "仲町ふれあいセンター",
        "address": "板橋区仲町20-5",
        "lat": "35.7511479",
        "long": "139.6964087",
        "period": "6/30～7/6",
        "time": "8:30～20:00"
    },
    {
        "name": "富士見地域センター",
        "address": "板橋区富士見町3-1",
        "lat": "35.7606628",
        "long": "139.7005159",
        "period": "6/30～7/6",
        "time": "8:30～20:00"
    },
    {
        "name": "大谷口地域センター",
        "address": "板橋区大谷口2-12-5",
        "lat": "35.74579",
        "long": "139.6889773",
        "period": "6/30～7/6",
        "time": "8:30～20:00"
    },
    {
        "name": "常盤台地域センター",
        "address": "板橋区常盤台4-14-1",
        "lat": "35.7634202",
        "long": "139.679631",
        "period": "6/30～7/6",
        "time": "8:30～20:00"
    },
    {
        "name": "志村坂上地域センター",
        "address": "板橋区小豆沢2-19-15",
        "lat": "35.7765157",
        "long": "139.6960433",
        "period": "6/30～7/6",
        "time": "8:30～20:00"
    },
    {
        "name": "志村健康福祉センター",
        "address": "板橋区蓮根2-5-5",
        "lat": "35.7811337",
        "long": "139.6771713",
        "period": "6/30～7/6",
        "time": "8:30～20:00"
    },
    {
        "name": "舟渡ホール",
        "address": "板橋区舟渡1-14-5",
        "lat": "35.7921504",
        "long": "139.690114",
        "period": "6/30～7/6",
        "time": "8:30～20:00"
    },
    {
        "name": "エコポリスセンター",
        "address": "板橋区前野町4-6-1",
        "lat": "35.769162",
        "long": "139.6887858",
        "period": "6/30～7/6",
        "time": "8:30～20:00"
    },
    {
        "name": "赤塚支所",
        "address": "板橋区赤塚6-38-1",
        "lat": "35.7786872",
        "long": "139.6447071",
        "period": "6/30～7/6",
        "time": "8:30～20:00"
    },
    {
        "name": "成増アクトホール",
        "address": "板橋区成増3-11-3",
        "lat": "35.7778993",
        "long": "139.6330901",
        "period": "6/30～7/6",
        "time": "8:30～20:00"
    },
    {
        "name": "きたのホール",
        "address": "板橋区徳丸2-12-12",
        "lat": "35.7720422",
        "long": "139.6602802",
        "period": "6/30～7/6",
        "time": "8:30～20:00"
    },
    {
        "name": "高島平区民館",
        "address": "板橋区高島平3-12-28",
        "lat": "35.7870358",
        "long": "139.6589379",
        "period": "6/30～7/6",
        "time": "8:30～20:00"
    },
    {
        "name": "練馬区役所",
        "address": "練馬区豊玉北6-12-1",
        "lat": "35.7356702",
        "long": "139.6517044",
        "period": "6/21～7/6",
        "time": "8:30～20:00"
    },
    {
        "name": "石神井庁舎",
        "address": "練馬区石神井町3-30-26",
        "lat": "35.7434397",
        "long": "139.602877",
        "period": "6/29～7/6",
        "time": "8:30～20:00"
    },
    {
        "name": "光が丘区民センター",
        "address": "練馬区光が丘2-9-6",
        "lat": "35.7594045",
        "long": "139.6297633",
        "period": "6/29～7/6",
        "time": "8:30～20:00"
    },
    {
        "name": "関区民センター",
        "address": "練馬区関町北1-7-2",
        "lat": "35.7245242",
        "long": "139.5776975",
        "period": "6/29～7/6",
        "time": "8:30～20:00"
    },
    {
        "name": "勤労福祉会館",
        "address": "練馬区東大泉5-40-36",
        "lat": "35.7481531",
        "long": "139.5876501",
        "period": "6/29～7/6",
        "time": "8:30～20:00"
    },
    {
        "name": "平和台体育館",
        "address": "練馬区平和台2-12-5",
        "lat": "35.759363",
        "long": "139.661642",
        "period": "6/29～7/6",
        "time": "8:30～20:00"
    },
    {
        "name": "大泉学園町体育館",
        "address": "練馬区大泉学園町5-14-24",
        "lat": "35.7653558",
        "long": "139.5842661",
        "period": "6/29～7/6",
        "time": "8:30～20:00"
    },
    {
        "name": "足立区役所",
        "address": "足立区中央本町1-17-1",
        "lat": "35.7750049",
        "long": "139.8044358",
        "period": "6/21～7/6",
        "time": "8:30～20:00"
    },
    {
        "name": "シアター１０１０（北千住マルイ１０階）",
        "address": "足立区千住3-92",
        "lat": "35.75049",
        "long": "139.8043866",
        "period": "6/21～7/6",
        "time": "8:30～20:00"
    },
    {
        "name": "竹の塚センター",
        "address": "足立区竹の塚2-25-17",
        "lat": "35.7925194",
        "long": "139.7950659",
        "period": "6/29～7/6",
        "time": "8:30～20:00"
    },
    {
        "name": "アリオ西新井",
        "address": "足立区西新井栄町1-20-1",
        "lat": "35.7745584",
        "long": "139.7859771",
        "period": "6/21～7/6",
        "time": "10:00～20:00"
    },
    {
        "name": "勤労福祉会館",
        "address": "足立区綾瀬1-34-7",
        "lat": "35.7610796",
        "long": "139.8212213",
        "period": "6/29～7/6",
        "time": "8:30～20:00"
    },
    {
        "name": "佐野地域学習センター",
        "address": "足立区佐野2-43-5",
        "lat": "35.7881299",
        "long": "139.840288",
        "period": "6/29～7/6",
        "time": "8:30～20:00"
    },
    {
        "name": "押皿谷住区センター",
        "address": "足立区鹿浜8-27-15",
        "lat": "35.7899417",
        "long": "139.7649284",
        "period": "6/29～7/6",
        "time": "8:30～20:00"
    },
    {
        "name": "梅田地域学習センター",
        "address": "足立区梅田7-33-1",
        "lat": "35.7706125",
        "long": "139.7982591",
        "period": "6/29～7/6",
        "time": "8:30～20:00"
    },
    {
        "name": "千住庁舎",
        "address": "足立区千住仲町19-3",
        "lat": "35.746451",
        "long": "139.8013558",
        "period": "6/29～7/6",
        "time": "8:30～20:00"
    },
    {
        "name": "鹿浜いきいき館",
        "address": "足立区鹿浜2-24-2",
        "lat": "35.7805455",
        "long": "139.7491597",
        "period": "6/29～7/6",
        "time": "8:30～20:00"
    },
    {
        "name": "扇住区センター",
        "address": "足立区扇1-47-38",
        "lat": "35.7656534",
        "long": "139.7753496",
        "period": "6/29～7/6",
        "time": "8:30～20:00"
    },
    {
        "name": "舎人地域学習センター",
        "address": "足立区舎人1-3-26",
        "lat": "35.8061722",
        "long": "139.7729456",
        "period": "6/29～7/6",
        "time": "8:30～20:00"
    },
    {
        "name": "花畑地域学習センター",
        "address": "足立区花畑4-16-8",
        "lat": "35.8028411",
        "long": "139.8073699",
        "period": "6/29～7/6",
        "time": "8:30～20:00"
    },
    {
        "name": "葛飾区役所",
        "address": "葛飾区立石5-13-1",
        "lat": "35.7431807",
        "long": "139.8476624",
        "period": "6/21～7/6",
        "time": "8:30～20:00"
    },
    {
        "name": "堀切地区センター",
        "address": "葛飾区堀切3-8-5",
        "lat": "35.7472393",
        "long": "139.8280851",
        "period": "6/30～7/6",
        "time": "8:30～20:00"
    },
    {
        "name": "亀有地区センター",
        "address": "葛飾区亀有3-26-1 リリオ館7階",
        "lat": "35.7665805",
        "long": "139.8495677",
        "period": "6/30～7/6",
        "time": "8:30～20:00"
    },
    {
        "name": "高砂地区センター",
        "address": "葛飾区高砂3-1-39",
        "lat": "35.746015",
        "long": "139.8683957",
        "period": "6/30～7/6",
        "time": "8:30～20:00"
    },
    {
        "name": "金町地区センター",
        "address": "葛飾区東金町1-22-1",
        "lat": "35.7697166",
        "long": "139.8688295",
        "period": "6/30～7/6",
        "time": "8:30～20:00"
    },
    {
        "name": "西水元地区センター",
        "address": "葛飾区西水元5-3-1-101",
        "lat": "35.78537",
        "long": "139.8540468",
        "period": "6/30～7/6",
        "time": "8:30～20:00"
    },
    {
        "name": "新小岩地域活動センター別館（えきにこわ）",
        "address": "葛飾区新小岩1-45-1",
        "lat": "35.7167611",
        "long": "139.8584412",
        "period": "6/30～7/6",
        "time": "8:30～20:00"
    },
    {
        "name": "イトーヨーカドー四つ木店 １階",
        "address": "葛飾区四つ木2-21-1",
        "lat": "35.7372535",
        "long": "139.8385714",
        "period": "6/30～7/6",
        "time": "10:00～20:00"
    },
    {
        "name": "江戸川区役所",
        "address": "江戸川区中央1-4-1",
        "lat": "35.7069242",
        "long": "139.8684276",
        "period": "6/21～7/6",
        "time": "8:30～20:00"
    },
    {
        "name": "小松川区民館",
        "address": "江戸川区平井4-1-1",
        "lat": "35.7028315",
        "long": "139.8480481",
        "period": "6/29～7/6",
        "time": "8:30～20:00"
    },
    {
        "name": "葛西区民館",
        "address": "江戸川区中葛西3-10-1",
        "lat": "35.6658765",
        "long": "139.8696246",
        "period": "6/29～7/6",
        "time": "8:30～20:00"
    },
    {
        "name": "小岩区民館",
        "address": "江戸川区東小岩6-9-14",
        "lat": "35.7338578",
        "long": "139.8880592",
        "period": "6/29～7/6",
        "time": "8:30～20:00"
    },
    {
        "name": "東部区民館",
        "address": "江戸川区東瑞江1-17-1",
        "lat": "35.6898815",
        "long": "139.8995764",
        "period": "6/29～7/6",
        "time": "8:30～20:00"
    },
    {
        "name": "鹿骨区民館",
        "address": "江戸川区鹿骨1-54-2",
        "lat": "35.7095144",
        "long": "139.8897379",
        "period": "6/29～7/6",
        "time": "8:30～20:00"
    },
    {
        "name": "アリオ葛西",
        "address": "江戸川区東葛西9-3-3",
        "lat": "35.653263",
        "long": "139.8806791",
        "period": "6/29～7/6",
        "time": "10:00～20:00"
    },
    {
        "name": "船堀コミュニティ会館",
        "address": "江戸川区船堀1-3-1",
        "lat": "35.6862472",
        "long": "139.8623119",
        "period": "6/29～7/6",
        "time": "8:30～20:00"
    },
    {
        "name": "イオン葛西店",
        "address": "江戸川区西葛西3-9-19",
        "lat": "35.6692405",
        "long": "139.8584523",
        "period": "6/29～7/6",
        "time": "10:00～20:00"
    },
    {
        "name": "しのざき文化プラザ",
        "address": "江戸川区篠崎町7-20-19",
        "lat": "35.7054349",
        "long": "139.9029645",
        "period": "6/29～7/6",
        "time": "10:00～20:00"
    },
    {
        "name": "八王子市役所本庁舎",
        "address": "八王子市元本郷町3-24-1",
        "lat": "35.6666466",
        "long": "139.3159957",
        "period": "6/21～7/6",
        "time": "8:30～20:00"
    },
    {
        "name": "由木事務所",
        "address": "八王子市下柚木2-10-6",
        "lat": "35.627003",
        "long": "139.3827171",
        "period": "6/30～7/6",
        "time": "8:30～20:00"
    },
    {
        "name": "南大沢文化会館",
        "address": "八王子市南大沢2-27 フレスコ南大沢1階",
        "lat": "35.6116716",
        "long": "139.3794039",
        "period": "6/21～7/6",
        "time": "8:30～20:00"
    },
    {
        "name": "元八王子事務所",
        "address": "八王子市大楽寺町419-1",
        "lat": "35.6713388",
        "long": "139.2930552",
        "period": "6/30～7/6",
        "time": "8:30～20:00"
    },
    {
        "name": "北野事務所",
        "address": "八王子市北野町549-5",
        "lat": "35.6460239",
        "long": "139.3531783",
        "period": "6/30～7/6",
        "time": "8:30～20:00"
    },
    {
        "name": "石川事務所",
        "address": "八王子市石川町481",
        "lat": "35.6807372",
        "long": "139.3662925",
        "period": "6/30～7/6",
        "time": "8:30～20:00"
    },
    {
        "name": "八王子駅南口総合事務所",
        "address": "八王子市子安町4-7-1 サザンスカイタワー八王子4階",
        "lat": "35.6545181",
        "long": "139.3378143",
        "period": "6/21～7/6",
        "time": "8:30～20:00"
    },
    {
        "name": "イーアス高尾",
        "address": "八王子市東浅川町550-1",
        "lat": "35.6432534",
        "long": "139.2887376",
        "period": "6/30～7/6",
        "time": "10:00～20:00"
    },
    {
        "name": "立川市役所１０１会議室",
        "address": "立川市泉町1156-9",
        "lat": "35.7139391",
        "long": "139.4079031",
        "period": "6/21～7/6",
        "time": "8:30～20:00"
    },
    {
        "name": "窓口サービスセンター多目的スペース",
        "address": "立川市曙町2-2-27",
        "lat": "35.6984122",
        "long": "139.4128643",
        "period": "7/3～7/6",
        "time": "8:30～20:00"
    },
    {
        "name": "立川市西砂学習館視聴覚室",
        "address": "立川市西砂町6-12-10",
        "lat": "35.7295999",
        "long": "139.3721496",
        "period": "6/22～6/23",
        "time": "8:30～20:00"
    },
    {
        "name": "立川市子ども未来センター地下ギャラリー",
        "address": "立川市錦町3-2-26",
        "lat": "35.6940641",
        "long": "139.4195886",
        "period": "6/29～6/30",
        "time": "8:30～20:00"
    },
    {
        "name": "武蔵野市役所西棟１階１１１会議室",
        "address": "武蔵野市緑町2-2-28",
        "lat": "35.7177674",
        "long": "139.5661616",
        "period": "6/21～7/6",
        "time": "8:30～20:00"
    },
    {
        "name": "武蔵野商工会館３階消費生活センター講座室",
        "address": "武蔵野市吉祥寺本町1-10-7",
        "lat": "35.7057821",
        "long": "139.5788197",
        "period": "7/3～7/6",
        "time": "9:30～20:00"
    },
    {
        "name": "武蔵野プレイス１階ギャラリー",
        "address": "武蔵野市境南町2-3-18",
        "lat": "35.7011533",
        "long": "139.5436724",
        "period": "7/3～7/6",
        "time": "9:30～20:00"
    },
    {
        "name": "三鷹市第三庁舎",
        "address": "三鷹市野崎1-1-1",
        "lat": "35.6825356",
        "long": "139.5605545",
        "period": "6/21～7/6",
        "time": "8:30～20:00"
    },
    {
        "name": "三鷹駅前コミュニティ・センター",
        "address": "三鷹市下連雀3-13-10",
        "lat": "35.6995058",
        "long": "139.5630585",
        "period": "6/30～7/6",
        "time": "8:30～20:00"
    },
    {
        "name": "東多世代交流センター",
        "address": "三鷹市牟礼2-13-19",
        "lat": "35.6842536",
        "long": "139.5846684",
        "period": "7/5～7/6",
        "time": "9:00～17:00"
    },
    {
        "name": "青梅市役所２０１・２０２会議室",
        "address": "青梅市東青梅1-11-1",
        "lat": "35.7878502",
        "long": "139.2757966",
        "period": "6/21～7/6",
        "time": "8:30～20:00"
    },
    {
        "name": "青梅市中央図書館多目的室",
        "address": "青梅市河辺町10-8-1",
        "lat": "35.7853639",
        "long": "139.2850384",
        "period": "7/2～7/6",
        "time": "9:00～20:00"
    },
    {
        "name": "府中市役所おもや１階",
        "address": "府中市宮西町2-24",
        "lat": "35.669494",
        "long": "139.4770622",
        "period": "6/21～7/6",
        "time": "8:30～20:00"
    },
    {
        "name": "市政情報センター（ル・シーニュ５階）",
        "address": "府中市宮町1-100",
        "lat": "35.6715958",
        "long": "139.4795359",
        "period": "6/29～7/5",
        "time": "10:00～20:00"
    },
    {
        "name": "市政情報センター（ル・シーニュ５階）",
        "address": "府中市宮町1-100",
        "lat": "35.6715958",
        "long": "139.4795359",
        "period": "7/6",
        "time": "10:00～17:00"
    },
    {
        "name": "東部出張所（白糸台文化センター）",
        "address": "府中市白糸台1-60",
        "lat": "35.6682191",
        "long": "139.507003",
        "period": "7/3～7/5",
        "time": "8:30～20:00"
    },
    {
        "name": "西部出張所（西府文化センター）",
        "address": "府中市西府町1-60",
        "lat": "35.6717642",
        "long": "139.4574973",
        "period": "7/3～7/5",
        "time": "8:30～20:00"
    },
    {
        "name": "昭島市役所１階市民ロビー",
        "address": "昭島市田中町1-17-1",
        "lat": "35.7057664",
        "long": "139.353638",
        "period": "6/21～7/6",
        "time": "8:30～20:00"
    },
    {
        "name": "市立福島会館学習室",
        "address": "昭島市福島町1-19-1",
        "lat": "35.6982516",
        "long": "139.3792777",
        "period": "6/27～6/30",
        "time": "9:00～19:00"
    },
    {
        "name": "イトーヨーカドー昭島店２階",
        "address": "昭島市田中町562-1",
        "lat": "35.7140709",
        "long": "139.3623006",
        "period": "7/2～7/6",
        "time": "10:00～20:00"
    },
    {
        "name": "調布市役所１階めじろホール",
        "address": "調布市小島町2-35-1",
        "lat": "35.6505882",
        "long": "139.5409007",
        "period": "6/21～7/6",
        "time": "8:30～20:00"
    },
    {
        "name": "市民プラザあくろす２階 市民活動支援センター",
        "address": "調布市国領町2-5-15",
        "lat": "35.6507893",
        "long": "139.5583147",
        "period": "7/2～7/5",
        "time": "8:30～20:00"
    },
    {
        "name": "市民プラザあくろす２階 市民活動支援センター",
        "address": "調布市国領町2-5-15",
        "lat": "35.6507893",
        "long": "139.5583147",
        "period": "7/6",
        "time": "8:30～17:00"
    },
    {
        "name": "つつじケ丘児童館ホール",
        "address": "調布市西つつじヶ丘3-19-1",
        "lat": "35.6583742",
        "long": "139.5715108",
        "period": "7/2～7/5",
        "time": "8:30～20:00"
    },
    {
        "name": "深大寺地域福祉センター",
        "address": "調布市深大寺北町2-40-1",
        "lat": "35.6747502",
        "long": "139.5516301",
        "period": "7/3～7/4",
        "time": "10:00～17:00"
    },
    {
        "name": "町田市庁舎",
        "address": "町田市森野2-2-22",
        "lat": "35.5465377",
        "long": "139.4388163",
        "period": "6/21～7/6",
        "time": "8:30～20:00"
    },
    {
        "name": "南市民センター",
        "address": "町田市金森4-5-6",
        "lat": "35.5237449",
        "long": "139.4668049",
        "period": "7/2～7/5",
        "time": "8:30～20:00"
    },
    {
        "name": "南市民センター",
        "address": "町田市金森4-5-6",
        "lat": "35.5237449",
        "long": "139.4668049",
        "period": "7/6",
        "time": "8:30～17:00"
    },
    {
        "name": "なるせ駅前市民センター",
        "address": "町田市南成瀬1-2-5",
        "lat": "35.5368223",
        "long": "139.4730244",
        "period": "7/2～7/5",
        "time": "8:30～20:00"
    },
    {
        "name": "なるせ駅前市民センター",
        "address": "町田市南成瀬1-2-5",
        "lat": "35.5368223",
        "long": "139.4730244",
        "period": "7/6",
        "time": "8:30～17:00"
    },
    {
        "name": "鶴川市民センター",
        "address": "町田市大蔵町1981-4",
        "lat": "35.5888083",
        "long": "139.4673369",
        "period": "7/2～7/5",
        "time": "8:30～20:00"
    },
    {
        "name": "鶴川市民センター",
        "address": "町田市大蔵町1981-4",
        "lat": "35.5888083",
        "long": "139.4673369",
        "period": "7/6",
        "time": "8:30～17:00"
    },
    {
        "name": "忠生市民センター",
        "address": "町田市忠生3-14-2",
        "lat": "35.5784554",
        "long": "139.4160528",
        "period": "7/2～7/5",
        "time": "8:30～20:00"
    },
    {
        "name": "忠生市民センター",
        "address": "町田市忠生3-14-2",
        "lat": "35.5784554",
        "long": "139.4160528",
        "period": "7/6",
        "time": "8:30～17:00"
    },
    {
        "name": "小山市民センター",
        "address": "町田市小山町2507-1",
        "lat": "35.5972095",
        "long": "139.3690455",
        "period": "7/2～7/5",
        "time": "8:30～20:00"
    },
    {
        "name": "小山市民センター",
        "address": "町田市小山町2507-1",
        "lat": "35.5972095",
        "long": "139.3690455",
        "period": "7/6",
        "time": "8:30～17:00"
    },
    {
        "name": "堺市民センター",
        "address": "町田市相原町795-1",
        "lat": "35.6042711",
        "long": "139.3334081",
        "period": "7/2～7/5",
        "time": "8:30～20:00"
    },
    {
        "name": "堺市民センター",
        "address": "町田市相原町795-1",
        "lat": "35.6042711",
        "long": "139.3334081",
        "period": "7/6",
        "time": "8:30～17:00"
    },
    {
        "name": "木曽山崎コミュニティセンター",
        "address": "町田市山崎町2160-4",
        "lat": "35.5694124",
        "long": "139.4350537",
        "period": "7/2～7/5",
        "time": "8:30～20:00"
    },
    {
        "name": "木曽山崎コミュニティセンター",
        "address": "町田市山崎町2160-4",
        "lat": "35.5694124",
        "long": "139.4350537",
        "period": "7/6",
        "time": "8:30～17:00"
    },
    {
        "name": "南町田会館",
        "address": "町田市鶴間3-16-1",
        "lat": "35.5088595",
        "long": "139.4693475",
        "period": "7/2～7/5",
        "time": "8:30～20:00"
    },
    {
        "name": "南町田会館",
        "address": "町田市鶴間3-16-1",
        "lat": "35.5088595",
        "long": "139.4693475",
        "period": "7/6",
        "time": "8:30～17:00"
    },
    {
        "name": "和光大学ポプリホール鶴川",
        "address": "町田市能ヶ谷1-2-1",
        "lat": "35.5828386",
        "long": "139.4789042",
        "period": "7/2～7/5",
        "time": "8:30～20:00"
    },
    {
        "name": "和光大学ポプリホール鶴川",
        "address": "町田市能ヶ谷1-2-1",
        "lat": "35.5828386",
        "long": "139.4789042",
        "period": "7/6",
        "time": "8:30～17:00"
    },
    {
        "name": "玉川学園コミュニティセンター",
        "address": "町田市玉川学園2-19-12",
        "lat": "35.5637347",
        "long": "139.4625891",
        "period": "7/2～7/5",
        "time": "8:30～20:00"
    },
    {
        "name": "玉川学園コミュニティセンター",
        "address": "町田市玉川学園2-19-12",
        "lat": "35.5637347",
        "long": "139.4625891",
        "period": "7/6",
        "time": "8:30～17:00"
    },
    {
        "name": "小金井市役所第二庁舎６階６０１会議室",
        "address": "小金井市前原町3-41-15",
        "lat": "35.6985927",
        "long": "139.5049013",
        "period": "6/21～7/6",
        "time": "8:30～20:00"
    },
    {
        "name": "マロンホール（東小金井駅開設記念会館）",
        "address": "小金井市東町3-7-21",
        "lat": "35.7002879",
        "long": "139.5290794",
        "period": "7/4～7/5",
        "time": "9:00～20:00"
    },
    {
        "name": "前原町西之台会館",
        "address": "小金井市前原町3-8-1",
        "lat": "35.693912",
        "long": "139.4995881",
        "period": "7/2～7/3",
        "time": "9:00～20:00"
    },
    {
        "name": "小平市健康センター４階会議室",
        "address": "小平市学園東町1-19-12",
        "lat": "35.7269799",
        "long": "139.4775658",
        "period": "6/21～7/6",
        "time": "8:30～20:00"
    },
    {
        "name": "小平市健康センター４階視聴覚室",
        "address": "小平市学園東町1-19-12",
        "lat": "35.7269799",
        "long": "139.4775658",
        "period": "7/6",
        "time": "8:30～20:00"
    },
    {
        "name": "東部市民センター集会室",
        "address": "小平市花小金井1-8-1",
        "lat": "35.7279303",
        "long": "139.5140769",
        "period": "7/3～7/5",
        "time": "8:30～20:00"
    },
    {
        "name": "東部市民センター集会室",
        "address": "小平市花小金井1-8-1",
        "lat": "35.7279303",
        "long": "139.5140769",
        "period": "7/6",
        "time": "8:30～17:00"
    },
    {
        "name": "西部市民センター（小川西町公民館ホール）",
        "address": "小平市小川西町4-10-13",
        "lat": "35.7351616",
        "long": "139.4617745",
        "period": "7/3～7/5",
        "time": "8:30～20:00"
    },
    {
        "name": "日野市役所１階１０１会議室",
        "address": "日野市神明1-12-1",
        "lat": "35.6704918",
        "long": "139.3955785",
        "period": "6/21～7/6",
        "time": "8:30～20:00"
    },
    {
        "name": "七生公会堂１階七生福祉センター",
        "address": "日野市三沢3-50-1",
        "lat": "35.6581288",
        "long": "139.4140202",
        "period": "7/1～7/6",
        "time": "8:30～20:00"
    },
    {
        "name": "イオンモール多摩平の森３階イオンホール",
        "address": "日野市多摩平2-4-1",
        "lat": "35.662637",
        "long": "139.3804679",
        "period": "7/1～7/6",
        "time": "10:00～20:00"
    },
    {
        "name": "東村山市役所本庁舎市民ロビー",
        "address": "東村山市本町1-2-3",
        "lat": "35.7546184",
        "long": "139.4685107",
        "period": "6/21～7/6",
        "time": "8:30～20:00"
    },
    {
        "name": "東村山駅西口サンパルネ２階 コンベンションホール",
        "address": "東村山市野口町1-46",
        "lat": "35.7601737",
        "long": "139.4653332",
        "period": "7/4～7/6",
        "time": "9:00～20:00"
    },
    {
        "name": "国分寺市役所プレハブ会議室第１",
        "address": "国分寺市戸倉1-6-1",
        "lat": "35.7103602",
        "long": "139.4632087",
        "period": "6/21～7/6",
        "time": "8:30～20:00"
    },
    {
        "name": "国分寺市ひかりプラザ",
        "address": "国分寺市光町1-46-8",
        "lat": "35.7024939",
        "long": "139.4445749",
        "period": "6/29～6/30",
        "time": "10:00～20:00"
    },
    {
        "name": "国分寺市立いずみホール",
        "address": "国分寺市泉町3-36-12",
        "lat": "35.6988862",
        "long": "139.4649636",
        "period": "7/2～7/3",
        "time": "10:00～20:00"
    },
    {
        "name": "国分寺市立ｃｏｃｏｂｕｎｊｉプラザ",
        "address": "国分寺市本町3-1-1 cocobunji WEST5階",
        "lat": "35.7007016",
        "long": "139.480495",
        "period": "7/5～7/6",
        "time": "10:00～20:00"
    },
    {
        "name": "国立市役所北庁舎第７会議室",
        "address": "国立市富士見台2-47-1",
        "lat": "35.6838992",
        "long": "139.4413976",
        "period": "6/21～7/6",
        "time": "8:30～20:00"
    },
    {
        "name": "くにたち北市民プラザホール",
        "address": "国立市北3-1-1",
        "lat": "35.6993507",
        "long": "139.4327074",
        "period": "6/29～6/30",
        "time": "9:30～20:00"
    },
    {
        "name": "くにたち南市民プラザ会議室",
        "address": "国立市泉2-3-2",
        "lat": "35.6737603",
        "long": "139.4313939",
        "period": "6/29～6/30",
        "time": "9:30～20:00"
    },
    {
        "name": "くにたち駅前市民プラザ会議室",
        "address": "国立市北1-14-1",
        "lat": "35.6992804",
        "long": "139.4451256",
        "period": "7/5～7/6",
        "time": "9:30～20:00"
    },
    {
        "name": "南区公会堂",
        "address": "国立市泉3-29-11",
        "lat": "35.6769218",
        "long": "139.4267087",
        "period": "7/5～7/6",
        "time": "9:30～20:00"
    },
    {
        "name": "福生市役所第二棟１階",
        "address": "福生市本町5",
        "lat": "35.7385654",
        "long": "139.326855",
        "period": "6/21～7/6",
        "time": "8:30～20:00"
    },
    {
        "name": "狛江市役所３階第一委員会室",
        "address": "狛江市和泉本町1-1-5",
        "lat": "35.6349307",
        "long": "139.5784989",
        "period": "6/21～7/6",
        "time": "8:30～20:00"
    },
    {
        "name": "狛江市役所４階特別会議室",
        "address": "狛江市和泉本町1-1-5",
        "lat": "35.6349307",
        "long": "139.5784989",
        "period": "7/6",
        "time": "8:30～20:00"
    },
    {
        "name": "東大和市役所会議棟１階第１会議室",
        "address": "東大和市中央3-930",
        "lat": "35.7453669",
        "long": "139.4263875",
        "period": "6/21～7/6",
        "time": "8:30～20:00"
    },
    {
        "name": "清瀬市役所",
        "address": "清瀬市中里5-842",
        "lat": "35.7860872",
        "long": "139.5261302",
        "period": "6/21～7/6",
        "time": "8:30～20:00"
    },
    {
        "name": "清瀬市生涯学習センター",
        "address": "清瀬市元町1-2-11",
        "lat": "35.7721983",
        "long": "139.5211607",
        "period": "7/2～7/5",
        "time": "9:30～21:00"
    },
    {
        "name": "東久留米市役所",
        "address": "東久留米市本町3-3-1",
        "lat": "35.757971",
        "long": "139.529748",
        "period": "6/21～7/6",
        "time": "8:30～20:00"
    },
    {
        "name": "中部地区会館（市役所４階）",
        "address": "武蔵村山市本町1-1-1",
        "lat": "35.7548016",
        "long": "139.3874508",
        "period": "6/21～7/6",
        "time": "8:30～20:00"
    },
    {
        "name": "緑が丘出張所",
        "address": "武蔵村山市緑が丘1460-1104",
        "lat": "35.741715",
        "long": "139.4050722",
        "period": "7/1～7/5",
        "time": "9:00～20:00"
    },
    {
        "name": "多摩市役所",
        "address": "多摩市関戸6-12-1",
        "lat": "35.6370131",
        "long": "139.4463622",
        "period": "6/21～7/6",
        "time": "8:30～20:00"
    },
    {
        "name": "永山公民館内消費生活センター講座室（べルブ永山３階）",
        "address": "多摩市永山1-5",
        "lat": "35.6280863",
        "long": "139.4480621",
        "period": "7/2～7/5",
        "time": "10:00～20:00"
    },
    {
        "name": "関戸公民館　ギャラリー　ヴィータ７階",
        "address": "多摩市関戸4-72",
        "lat": "35.6495785",
        "long": "139.4469976",
        "period": "7/2～7/5",
        "time": "10:00～20:00"
    },
    {
        "name": "多摩センター駅出張所（京王多摩センターＳＣ２階）",
        "address": "多摩市落合1-10-1",
        "lat": "35.6253713",
        "long": "139.4243363",
        "period": "7/2～7/5",
        "time": "10:00～20:00"
    },
    {
        "name": "多摩センター駅出張所（京王多摩センターＳＣ２階）",
        "address": "多摩市落合1-10-1",
        "lat": "35.6253713",
        "long": "139.4243363",
        "period": "7/6",
        "time": "10:00～17:00"
    },
    {
        "name": "地域振興プラザ",
        "address": "稲城市東長沼2112-1",
        "lat": "35.6378716",
        "long": "139.505691",
        "period": "6/21～7/6",
        "time": "8:30～20:00"
    },
    {
        "name": "平尾自治会館",
        "address": "稲城市平尾3-7-1",
        "lat": "35.6109744",
        "long": "139.4920385",
        "period": "7/4～7/5",
        "time": "9:00～18:00"
    },
    {
        "name": "ｉプラザギャラリー",
        "address": "稲城市若葉台2-5-2",
        "lat": "35.6211052",
        "long": "139.4721701",
        "period": "7/3～7/5",
        "time": "9:00～20:00"
    },
    {
        "name": "羽村市役所分庁舎",
        "address": "羽村市緑ヶ丘5-1-30",
        "lat": "35.7665993",
        "long": "139.3104391",
        "period": "6/21～7/6",
        "time": "8:30～20:00"
    },
    {
        "name": "あきる野市役所",
        "address": "あきる野市二宮350",
        "lat": "35.7289247",
        "long": "139.294259",
        "period": "6/21～7/6",
        "time": "8:30～20:00"
    },
    {
        "name": "あきる野市役所五日市出張所",
        "address": "あきる野市五日市411",
        "lat": "35.7293249",
        "long": "139.2199364",
        "period": "6/30～7/6",
        "time": "8:30～20:00"
    },
    {
        "name": "西東京市役所田無庁舎２階会議室",
        "address": "西東京市南町5-6-13",
        "lat": "35.7259183",
        "long": "139.5383587",
        "period": "6/21～7/6",
        "time": "8:30～20:00"
    },
    {
        "name": "エコプラザ西東京多目的スペース",
        "address": "西東京市泉町3-12-35",
        "lat": "35.7410832",
        "long": "139.5568131",
        "period": "6/21～7/6",
        "time": "8:30～20:00"
    },
    {
        "name": "ひばりが丘図書館講座室",
        "address": "西東京市ひばりが丘1-2-1",
        "lat": "35.751706",
        "long": "139.5434965",
        "period": "7/4～7/6",
        "time": "8:30～20:00"
    },
    {
        "name": "瑞穂町役場",
        "address": "瑞穂町大字箱根ヶ崎2335",
        "lat": "35.7719172",
        "long": "139.3537942",
        "period": "6/21～7/6",
        "time": "8:30～20:00"
    },
    {
        "name": "武蔵野コミュニティセンター",
        "address": "瑞穂町むさし野1-5",
        "lat": "35.7615998",
        "long": "139.3396774",
        "period": "7/3～7/6",
        "time": "8:30～20:00"
    },
    {
        "name": "箱根ケ崎駅東西自由通路",
        "address": "瑞穂町大字箱根ヶ崎397",
        "lat": "35.7712901",
        "long": "139.3467033",
        "period": "7/3～7/6",
        "time": "8:30～20:00"
    },
    {
        "name": "日の出町役場町民談話室",
        "address": "日の出町大字平井2780",
        "lat": "35.7425175",
        "long": "139.2567142",
        "period": "6/21～7/6",
        "time": "8:30～20:00"
    },
    {
        "name": "檜原村役場３階住民ホール",
        "address": "檜原村467ｰ1",
        "lat": "35.7268216",
        "long": "139.1488603",
        "period": "6/21～7/6",
        "time": "8:30～20:00"
    },
    {
        "name": "奥多摩町役場",
        "address": "奥多摩町氷川215-6",
        "lat": "35.8095871",
        "long": "139.0962438",
        "period": "6/21～7/6",
        "time": "8:30～20:00"
    },
    {
        "name": "大島町開発総合センター",
        "address": "大島町元町1-1-14",
        "lat": "34.7500091",
        "long": "139.3556532",
        "period": "6/21～7/6",
        "time": "8:30～20:00"
    },
    {
        "name": "利島村役場",
        "address": "利島村248",
        "lat": "34.5291416",
        "long": "139.2819004",
        "period": "6/21～7/6",
        "time": "8:30～20:00"
    },
    {
        "name": "新島村住民センター",
        "address": "新島村本村1-1-1",
        "lat": "34.377126",
        "long": "139.2571231",
        "period": "6/21～7/6",
        "time": "8:30～20:00"
    },
    {
        "name": "式根島支所",
        "address": "新島村式根島255-1",
        "lat": "34.3250537",
        "long": "139.2162721",
        "period": "6/21～7/6",
        "time": "8:30～17:00"
    },
    {
        "name": "若郷会館",
        "address": "新島村若郷1-4",
        "lat": "34.423209",
        "long": "139.2837835",
        "period": "6/21～7/6",
        "time": "8:30～17:00"
    },
    {
        "name": "神津島村役場",
        "address": "神津島村904",
        "lat": "34.2055236",
        "long": "139.1344994",
        "period": "6/21～7/6",
        "time": "8:30～20:00"
    },
    {
        "name": "三宅村阿古臨時庁舎",
        "address": "三宅村阿古497",
        "lat": "34.0759684",
        "long": "139.4791688",
        "period": "6/21～7/6",
        "time": "8:30～20:00"
    },
    {
        "name": "御蔵島村役場",
        "address": "御蔵島村字入かねが沢",
        "lat": "33.8973802",
        "long": "139.5958016",
        "period": "6/21～7/6",
        "time": "8:30～20:00"
    },
    {
        "name": "八丈町役場",
        "address": "八丈町大賀郷2551-2",
        "lat": "33.1127348",
        "long": "139.7890684",
        "period": "6/21～7/6",
        "time": "8:30～20:00"
    },
    {
        "name": "青ヶ島村役場",
        "address": "青ヶ島村無番地",
        "lat": "32.4665329",
        "long": "139.7636109",
        "period": "6/21～7/6",
        "time": "8:30～20:00"
    },
    {
        "name": "小笠原村役場",
        "address": "小笠原村父島字西町",
        "lat": "27.0960596",
        "long": "142.1872488",
        "period": "6/21～7/6",
        "time": "8:30～20:00"
    },
    {
        "name": "小笠原村役場母島支所",
        "address": "小笠原村母島字元地",
        "lat": "26.640885",
        "long": "142.1600454",
        "period": "6/21～7/5",
        "time": "8:30～18:00"
    }
]