[{"area_id":57,"name":"1-1","lat":34.1127228,"long":139.5541655,"status":1,"note":null},{"area_id":57,"name":"1-2","lat":34.1202562,"long":139.5351386,"status":1,"note":null},{"area_id":57,"name":"1-3","lat":34.1212991,"long":139.5270605,"status":1,"note":null},{"area_id":57,"name":"1-4","lat":34.1203665,"long":139.52193,"status":1,"note":null},{"area_id":57,"name":"2-1","lat":34.1191351,"long":139.5113976,"status":1,"note":null},{"area_id":57,"name":"2-2","lat":34.1179338,"long":139.5094423,"status":1,"note":null},{"area_id":57,"name":"2-3","lat":34.1155307,"long":139.5010824,"status":1,"note":null},{"area_id":57,"name":"3-1","lat":34.0989483,"long":139.4945773,"status":1,"note":null},{"area_id":57,"name":"3-2","lat":34.0992565,"long":139.4921114,"status":1,"note":null},{"area_id":57,"name":"3-3","lat":34.0991285,"long":139.4910601,"status":1,"note":null},{"area_id":57,"name":"4-1","lat":34.0825711,"long":139.4823167,"status":1,"note":null},{"area_id":57,"name":"4-2","lat":34.0789941,"long":139.484356,"status":1,"note":null},{"area_id":57,"name":"4-3","lat":34.0740734,"long":139.4793138,"status":1,"note":null},{"area_id":57,"name":"4-4","lat":34.0714534,"long":139.4809181,"status":1,"note":null},{"area_id":57,"name":"4-5","lat":34.054292,"long":139.4923858,"status":1,"note":null},{"area_id":57,"name":"5-1","lat":34.0587653,"long":139.5425431,"status":1,"note":null},{"area_id":57,"name":"5-2","lat":34.0600747,"long":139.5448611,"status":1,"note":null},{"area_id":57,"name":"5-3","lat":34.0623968,"long":139.5486733,"status":1,"note":null},{"area_id":57,"name":"5-4","lat":34.079437,"long":139.559075,"status":1,"note":null},{"area_id":57,"name":"5-5","lat":34.0837825,"long":139.5601561,"status":1,"note":null},{"area_id":60,"name":"1-1","lat":33.1129692,"long":139.7957297,"status":1,"note":null},{"area_id":60,"name":"1-2","lat":33.1187664,"long":139.8024852,"status":1,"note":null},{"area_id":60,"name":"1-3","lat":33.1286728,"long":139.8045129,"status":1,"note":null},{"area_id":60,"name":"1-4","lat":33.1238133,"long":139.7961826,"status":1,"note":null},{"area_id":60,"name":"1-5","lat":33.1210353,"long":139.8081929,"status":1,"note":null},{"area_id":60,"name":"1-6","lat":33.1231439,"long":139.7936292,"status":1,"note":null},{"area_id":60,"name":"1-7","lat":33.1202011,"long":139.7974594,"status":1,"note":null},{"area_id":60,"name":"1-8","lat":33.1148282,"long":139.799119,"status":1,"note":null},{"area_id":60,"name":"2-1","lat":33.1065416,"long":139.7839652,"status":1,"note":null},{"area_id":60,"name":"2-2","lat":33.1032433,"long":139.7873448,"status":1,"note":null},{"area_id":60,"name":"2-3","lat":33.1086535,"long":139.7910141,"status":1,"note":null},{"area_id":60,"name":"2-4","lat":33.100574,"long":139.7771351,"status":1,"note":null},{"area_id":60,"name":"2-5","lat":33.0966912,"long":139.781212,"status":1,"note":null},{"area_id":60,"name":"2-6","lat":33.1118078,"long":139.7712945,"status":1,"note":null},{"area_id":60,"name":"2-7","lat":33.1086445,"long":139.7877793,"status":1,"note":null},{"area_id":60,"name":"3-1","lat":33.0709766,"long":139.7951094,"status":1,"note":null},{"area_id":60,"name":"3-2","lat":33.0694571,"long":139.7986338,"status":1,"note":null},{"area_id":60,"name":"3-3","lat":33.0744544,"long":139.7904517,"status":1,"note":null},{"area_id":60,"name":"4-1","lat":33.0661176,"long":139.8121501,"status":1,"note":null},{"area_id":60,"name":"4-2","lat":33.0665446,"long":139.8098702,"status":1,"note":null},{"area_id":60,"name":"4-3","lat":33.0633115,"long":139.8148859,"status":1,"note":null},{"area_id":60,"name":"5-1","lat":33.0817563,"long":139.8519136,"status":1,"note":null},{"area_id":60,"name":"5-2","lat":33.0846883,"long":139.8520805,"status":1,"note":null},{"area_id":60,"name":"5-3","lat":33.0762935,"long":139.8439995,"status":1,"note":null},{"area_id":54,"name":"1-1","lat":34.5295007,"long":139.2790423,"status":1,"note":null},{"area_id":54,"name":"1-2","lat":34.5287295,"long":139.2778111,"status":1,"note":null},{"area_id":54,"name":"1-3","lat":34.5302708,"long":139.2772991,"status":1,"note":null},{"area_id":53,"name":"M01-1","lat":34.7499206,"long":139.3553423,"status":1,"note":null},{"area_id":53,"name":"M01-2","lat":34.7488363,"long":139.3545079,"status":1,"note":null},{"area_id":53,"name":"M01-3","lat":34.743732,"long":139.3586439,"status":1,"note":null},{"area_id":53,"name":"M01-4","lat":34.7490391,"long":139.3604517,"status":1,"note":null},{"area_id":53,"name":"M01-5","lat":34.7548835,"long":139.3526172,"status":1,"note":null},{"area_id":53,"name":"M01-6","lat":34.7578819,"long":139.3572753,"status":1,"note":null},{"area_id":53,"name":"M01-7","lat":34.7647593,"long":139.3601825,"status":1,"note":null},{"area_id":53,"name":"M02-1","lat":34.7766892,"long":139.3614374,"status":1,"note":null},{"area_id":53,"name":"M02-2","lat":34.7814861,"long":139.3547591,"status":1,"note":null},{"area_id":53,"name":"M02-3","lat":34.7738301,"long":139.3627282,"status":1,"note":null},{"area_id":53,"name":"M02-4","lat":34.7801947,"long":139.3713226,"status":1,"note":null},{"area_id":53,"name":"M02-5","lat":34.7725605,"long":139.3770325,"status":1,"note":null},{"area_id":53,"name":"O01-1","lat":34.7879999,"long":139.3930002,"status":1,"note":null},{"area_id":53,"name":"O01-2","lat":34.7855503,"long":139.390951,"status":1,"note":null},{"area_id":53,"name":"O01-3","lat":34.7828419,"long":139.3864364,"status":1,"note":null},{"area_id":53,"name":"O01-4","lat":34.7821282,"long":139.3812919,"status":1,"note":null},{"area_id":53,"name":"O01-5","lat":34.7901061,"long":139.3758515,"status":1,"note":null},{"area_id":53,"name":"I01-1","lat":34.7829839,"long":139.4125076,"status":1,"note":null},{"area_id":53,"name":"I01-2","lat":34.7818384,"long":139.4170995,"status":1,"note":null},{"area_id":53,"name":"I01-3","lat":34.7802434,"long":139.4207795,"status":1,"note":null},{"area_id":53,"name":"I01-4","lat":34.7790956,"long":139.3975117,"status":1,"note":null},{"area_id":53,"name":"N01-1","lat":34.7337504,"long":139.3563452,"status":1,"note":null},{"area_id":53,"name":"N01-2","lat":34.7311317,"long":139.3542423,"status":1,"note":null},{"area_id":53,"name":"N01-3","lat":34.7284609,"long":139.3536797,"status":1,"note":null},{"area_id":53,"name":"N01-4","lat":34.7260981,"long":139.3536035,"status":1,"note":null},{"area_id":53,"name":"N02-2","lat":34.6956017,"long":139.3867783,"status":1,"note":null},{"area_id":53,"name":"N02-1","lat":34.697313,"long":139.38408,"status":1,"note":null},{"area_id":53,"name":"S01-1","lat":34.6842016,"long":139.4069923,"status":1,"note":null},{"area_id":53,"name":"S01-2","lat":34.6863085,"long":139.4104684,"status":1,"note":null},{"area_id":53,"name":"S01-3","lat":34.6831859,"long":139.4144307,"status":1,"note":null},{"area_id":53,"name":"S01-4","lat":34.6820731,"long":139.41413,"status":1,"note":null},{"area_id":53,"name":"S01-5","lat":34.6827086,"long":139.4192094,"status":1,"note":null},{"area_id":53,"name":"S01-6","lat":34.6919525,"long":139.3969549,"status":1,"note":null},{"area_id":53,"name":"S02-1","lat":34.6816234,"long":139.4354099,"status":1,"note":null},{"area_id":53,"name":"S02-2","lat":34.6834585,"long":139.4354207,"status":1,"note":null},{"area_id":53,"name":"S02-3","lat":34.688196,"long":139.4315905,"status":1,"note":null},{"area_id":53,"name":"H01-1","lat":34.6895545,"long":139.4397065,"status":1,"note":null},{"area_id":53,"name":"H01-2","lat":34.6888929,"long":139.4368691,"status":1,"note":null},{"area_id":53,"name":"H01-3","lat":34.6871594,"long":139.4411281,"status":1,"note":null},{"area_id":53,"name":"H01-4","lat":34.690944,"long":139.4388536,"status":1,"note":null},{"area_id":55,"name":"1-1","lat":34.3804149,"long":139.2552363,"status":1,"note":null},{"area_id":55,"name":"1-2","lat":34.3768891,"long":139.2569525,"status":1,"note":null},{"area_id":55,"name":"1-3","lat":34.3754921,"long":139.254846,"status":1,"note":null},{"area_id":55,"name":"1-4","lat":34.3731342,"long":139.253744,"status":1,"note":null},{"area_id":55,"name":"1-5","lat":34.3707523,"long":139.2564791,"status":1,"note":null},{"area_id":55,"name":"2-1","lat":34.3304372,"long":139.2151487,"status":1,"note":null},{"area_id":55,"name":"2-2","lat":34.3276675,"long":139.2224897,"status":1,"note":null},{"area_id":55,"name":"2-3","lat":34.3253926,"long":139.2160792,"status":1,"note":null},{"area_id":55,"name":"3-1","lat":34.421317,"long":139.282065,"status":1,"note":null},{"area_id":55,"name":"3-2","lat":34.420418,"long":139.282157,"status":1,"note":null},{"area_id":58,"name":"1-1","lat":33.8959984,"long":139.5933639,"status":1,"note":null},{"area_id":58,"name":"1-2","lat":33.8964514,"long":139.5922346,"status":1,"note":null},{"area_id":58,"name":"1-3","lat":33.8958136,"long":139.5927764,"status":1,"note":null},{"area_id":58,"name":"1-4","lat":33.8928713,"long":139.5912084,"status":1,"note":null},{"area_id":56,"name":"1-1","lat":34.2083763,"long":139.1330512,"status":1,"note":null},{"area_id":56,"name":"1-2","lat":34.2084829,"long":139.1374659,"status":1,"note":null},{"area_id":56,"name":"1-3","lat":34.2111013,"long":139.1414275,"status":1,"note":null},{"area_id":56,"name":"1-4","lat":34.204073,"long":139.1372138,"status":1,"note":null},{"area_id":56,"name":"1-5","lat":34.204825,"long":139.1353953,"status":1,"note":null},{"area_id":56,"name":"1-6","lat":34.2017772,"long":139.1364837,"status":1,"note":null},{"area_id":59,"name":"1-1","lat":32.4665882,"long":139.7599423,"status":1,"note":null},{"area_id":59,"name":"1-2","lat":32.4651023,"long":139.7603205,"status":1,"note":null},{"area_id":59,"name":"1-3","lat":32.4668459,"long":139.7636262,"status":1,"note":null},{"area_id":62,"name":"1-1","lat":27.0948051005,"long":142.1918896233,"status":1,"note":"郵便局前"},{"area_id":62,"name":"1-2","lat":27.0957423303,"long":142.1971098588,"status":1,"note":"二見桟橋入口"},{"area_id":62,"name":"1-3","lat":27.0997665039,"long":142.1974423882,"status":1,"note":"清瀬掲示板横"},{"area_id":62,"name":"1-4","lat":27.099313029,"long":142.2040860344,"status":1,"note":"奥村橋北側"},{"area_id":62,"name":"1-5","lat":27.0730840261,"long":142.2041681288,"status":1,"note":"扇浦レストハウス前"},{"area_id":62,"name":"2-1","lat":26.6409640455,"long":142.1611146348,"status":1,"note":"母島村民会館前"},{"area_id":62,"name":"2-2","lat":26.6415196324,"long":142.1591598313,"status":1,"note":"沖村配水池下"},{"area_id":62,"name":"2-3","lat":26.6388457721,"long":142.1579899221,"status":1,"note":"静沢入口"}]